CountryCode,Year,HRWK,AVWAGE,CPI,FERTILITY
AUS,1991,1854,42309.38148,3.176675,1.85
AUS,1992,1846,43173.77133,1.012231,1.89
AUS,1993,1856,43578.24142,1.753653,1.86
AUS,1994,1874,43873.85695,1.969635,1.84
AUS,1995,1870,43715,4.627767,1.82
AUS,1996,1862,44976.27559,2.615385,1.8
AUS,1997,1861,46355.55509,0.2248875,1.78
AUS,1998,1850,46999.6351,0.8601346,1.76
AUS,1999,1856,48064.87024,1.483129,1.76
AUS,2000,1852,48213.08868,4.457435,1.76
AUS,2001,1829,48693.3023,4.407135,1.73
AUS,2002,1818,49140.63129,2.981575,1.77
AUS,2003,1807,49849.37515,2.732596,1.77
AUS,2004,1811,51414.31839,2.343255,1.78
AUS,2005,1808,52013.93975,2.691832,1.85
AUS,2006,1802,52368,3.555288,1.88
AUS,2007,1803,53805,2.327611,1.99
AUS,2008,1799,54149,4.350298,2.02
AUS,2009,1767,53644,1.771117,1.97
AUS,2010,1778,55536,2.91834,1.95
AUS,2011,1774,57361,3.30385,1.92
AUS,2012,1771,57752,1.76278,1.93
AUS,2013,1766,57579,2.449889,1.88
AUS,2014,1755,58102,2.487923,1.79
AUS,2015,1751,57744,1.508367,1.79
AUS,2016,1739,57885,1.276991,1.79
AUS,2017,1738.82731,57619,1.948647,1.74
AUS,2018,1733.139979,57843,1.911401,1.74
AUS,2019,1722.925469,58620,1.610768,1.67
AUS,2020,1683.851538,60377,0.8469055,1.59
AUT,1999,1674.598937,57354.89958,0.5689865,1.34
AUT,2000,1675.028173,57529.01747,2.344868,1.36
AUT,2001,1662.908966,57344.65956,2.65,1.33
AUT,2002,1660.513257,58229.16778,1.810359,1.39
AUT,2003,1652.251815,58368.87321,1.355554,1.38
AUT,2004,1654.569079,59473.25479,2.061207,1.42
AUT,2005,1632.237798,59801.36993,2.299138,1.41
AUT,2006,1616.572117,60698,1.441547,1.41
AUT,2007,1606.428996,61047,2.168556,1.39
AUT,2008,1599.365355,62081,3.215951,1.42
AUT,2009,1558.272768,63135,0.5063094,1.4
AUT,2010,1551.537719,62831,1.813532,1.44
AUT,2011,1556.980646,62159,3.286583,1.43
AUT,2012,1534.781225,62515,2.485675,1.44
AUT,2013,1520.079119,62568,2.000158,1.44
AUT,2014,1510.297871,62801,1.605806,1.46
AUT,2015,1495.130107,63231,0.8965653,1.49
AUT,2016,1507.173096,63860,0.8915924,1.53
AUT,2017,1497.904325,63856,2.081269,1.52
AUT,2018,1501.7403,64101,1.998382,1.48
AUT,2019,1509.59166,64623,1.530896,1.46
AUT,2020,1400.786923,64648,1.381909,1.44
AUT,2021,1439.09392,65402.3163,2.766667,1.48
BEL,1999,1575.382133,61484.41221,1.120848,1.62
BEL,2000,1589.102368,60929.14052,2.544518,1.67
BEL,2001,1581.243159,61114.83036,2.469258,1.67
BEL,2002,1593.645551,62692.58577,1.645214,1.65
BEL,2003,1598.219868,63066.29518,1.588964,1.67
BEL,2004,1587.802649,62735.50011,2.097283,1.72
BEL,2005,1577.676449,62139.94835,2.781433,1.76
BEL,2006,1591.637664,62562,1.791208,1.8
BEL,2007,1593.657532,62446,1.823056,1.82
BEL,2008,1582.505144,62715,4.489444,1.85
BEL,2009,1563.225214,63590,-0.05314567,1.84
BEL,2010,1573.830711,63295,2.189299,1.86
BEL,2011,1590.234351,63944,3.532082,1.81
BEL,2012,1587.295075,64461,2.839664,1.8
BEL,2013,1585.595087,65099,1.113096,1.76
BEL,2014,1581.595989,65461,0.3400028,1.74
BEL,2015,1575.456869,65017,0.5614291,1.7
BEL,2016,1574.113193,65157,1.973853,1.68
BEL,2017,1578.013689,64700,2.125971,1.65
BEL,2018,1579.842677,65083,2.053165,1.62
BEL,2019,1577.095522,65700,1.43682,1.6
BEL,2020,1445.924096,63677,0.7407918,1.55
BEL,2021,1525.815277,65520.82131,2.440248,1.6
CAN,1991,1775,42426.30285,5.625864,1.72
CAN,1992,1772,43045.90077,1.490133,1.71
CAN,1993,1769,42952.71889,1.865079,1.69
CAN,1994,1778,42464.17584,0.1655629,1.69
CAN,1995,1775,42369,2.14876,1.67
CAN,1996,1790,42745.09125,1.570531,1.63
CAN,1997,1802,44053.76661,1.621216,1.57
CAN,1998,1797,44793.20601,0.9959425,1.56
CAN,1999,1795,45157.23019,1.734843,1.55
CAN,2000,1789,46526.33928,2.71944,1.51
CAN,2001,1775,46335.18499,2.52512,1.54
CAN,2002,1757,45961.56042,2.258394,1.52
CAN,2003,1747,45975.75017,2.758563,1.55
CAN,2004,1757,46969.11817,1.857259,1.56
CAN,2005,1747,48325.74464,2.213552,1.58
CAN,2006,1745,49797,2.002025,1.63
CAN,2007,1745,51127,2.138384,1.67
CAN,2008,1742,52025,2.370271,1.7
CAN,2009,1710,52363,0.2994668,1.69
CAN,2010,1715,52457,1.776872,1.65
CAN,2011,1711,53088,2.912135,1.63
CAN,2012,1721,53717,1.515678,1.63
CAN,2013,1714,54286,0.9382919,1.61
CAN,2014,1709,54995,1.906636,1.61
CAN,2015,1710,55400,1.125241,1.6
CAN,2016,1701,54350,1.42876,1.59
CAN,2017,1689,55122,1.596884,1.55
CAN,2018,1702,56083,2.268226,1.51
CAN,2019,1691,56370,1.949269,1.47
CAN,2020,1653,59160,0.7169997,1.41
CAN,2021,1685,59568.78279,3.395193,1.43
CZE,1998,1860.876878,18603.82613,10.69837,1.16
CZE,1999,1890.601102,19344.54932,2.135448,1.13
CZE,2000,1900.259727,20070.48242,3.775388,1.14
CZE,2001,1823.32334,21105.60748,4.662675,1.15
CZE,2002,1812.215001,22382.42264,1.902981,1.17
CZE,2003,1799.047882,24089.04188,0.1187392,1.18
CZE,2004,1813.655779,25174.10387,2.760108,1.23
CZE,2005,1802.926072,25914.06806,1.857098,1.28
CZE,2006,1789.228934,26952,2.533993,1.33
CZE,2007,1775.017312,27757,2.853124,1.44
CZE,2008,1789.614454,27906,6.358664,1.5
CZE,2009,1778.801002,27793,1.019377,1.49
CZE,2010,1799.099746,28648,1.472727,1.49
CZE,2011,1805.47337,28882,1.917219,1.43
CZE,2012,1776.448316,28934,3.287623,1.45
CZE,2013,1764.302008,28754,1.438298,1.46
CZE,2014,1773.81181,29360,0.3439886,1.53
CZE,2015,1751.474214,30224,0.3093646,1.57
CZE,2016,1774.046355,31291,0.6835042,1.63
CZE,2017,1776.447703,32891,2.450534,1.69
CZE,2018,1784.666363,34633,2.149495,1.71
CZE,2019,1786.033445,36071,2.847876,1.71
CZE,2020,1676.853401,35552,3.161295,1.71
CZE,2021,1722.123952,36269.70799,3.839845,1.83
DNK,1999,1456.497788,52066.95467,2.497795,1.74
DNK,2000,1465.937777,52018.88005,2.903277,1.77
DNK,2001,1468.675527,52328.67186,2.337875,1.75
DNK,2002,1462.584584,53520.32821,2.424437,1.72
DNK,2003,1457.827425,54841.25092,2.075078,1.76
DNK,2004,1458.073949,56061.80687,1.154357,1.79
DNK,2005,1451.362353,57030.2442,1.817815,1.8
DNK,2006,1455.703341,57991,1.924221,1.85
DNK,2007,1432.769768,58638,1.693266,1.84
DNK,2008,1430.055086,59414,3.416268,1.89
DNK,2009,1417.029885,60853,1.30471,1.84
DNK,2010,1422.308398,61537,2.310924,1.87
DNK,2011,1436.981183,61213,2.758682,1.75
DNK,2012,1423.346283,61121,2.397915,1.73
DNK,2013,1425.633575,61548,0.7890718,1.67
DNK,2014,1413.807215,62723,0.5640205,1.69
DNK,2015,1407.149104,63828,0.4520341,1.71
DNK,2016,1412.044769,63894,0.25,1.79
DNK,2017,1404.204328,64281,1.147132,1.75
DNK,2018,1380.858984,64765,0.8136095,1.73
DNK,2019,1371.386268,65222,0.7581316,1.7
DNK,2020,1344.851329,66203,0.420712,1.67
DNK,2021,1362.879134,66503.04779,1.853045,1.72
DNK,2022,1371.606096,64126.65162,7.696567,1.55
FIN,1998,1661.330005,41377.92759,1.399471,1.71
FIN,1999,1660.985961,42345.81863,1.162237,1.73
FIN,2000,1649.91737,43072.84404,3.042096,1.73
FIN,2001,1635.596054,43299.41239,2.578441,1.73
FIN,2002,1628.416715,43532.03048,1.571221,1.72
FIN,2003,1622.527089,44359.35125,0.8774385,1.76
FIN,2004,1623.764008,45807.9322,0.1871234,1.8
FIN,2005,1613.453665,46788.14618,0.6238712,1.8
FIN,2006,1608.32837,47757,1.566667,1.84
FIN,2007,1604.729982,48395,2.510666,1.83
FIN,2008,1600.640329,48809,4.065952,1.85
FIN,2009,1580.044997,49229,-1.22E-14,1.86
FIN,2010,1585.263536,49911,1.184135,1.87
FIN,2011,1577.897629,49925,3.416809,1.83
FIN,2012,1567.668699,49965,2.808332,1.8
FIN,2013,1560.351812,49465,1.478288,1.75
FIN,2014,1557.797344,49449,1.0412,1.71
FIN,2015,1555.480331,49836,-0.207932,1.65
FIN,2016,1554.670452,50274,0.3566845,1.57
FIN,2017,1548.879611,49985,0.754015,1.49
FIN,2018,1546.373238,50354,1.083821,1.41
FIN,2019,1538.371186,50873,1.024094,1.35
FIN,2020,1529.948966,51092,0.2905546,1.37
FIN,2021,1525.041342,52785.31963,2.194574,1.46
FRA,2003,1507.256771,45524.22596,2.098472,1.87
FRA,2004,1530.856012,46266.45679,2.14209,1.9
FRA,2005,1532.075909,46823.7931,1.745869,1.92
FRA,2006,1515.0112,47347,1.675125,1.98
FRA,2007,1536.815501,47520,1.487998,1.95
FRA,2008,1542.796085,47429,2.812862,1.99
FRA,2009,1531.451173,48938,0.08762048,1.99
FRA,2010,1539.803062,49926,1.531123,2.02
FRA,2011,1546.331189,49836,2.111598,2
FRA,2012,1540.880619,50159,1.954195,1.99
FRA,2013,1526.242001,50581,0.8637155,1.97
FRA,2014,1518.111034,50929,0.5077588,1.97
FRA,2015,1519.484356,51415,0.03751438,1.93
FRA,2016,1522.069358,52010,0.1833349,1.89
FRA,2017,1507.60482,52732,1.032283,1.86
FRA,2018,1514.410327,52664,1.850815,1.84
FRA,2019,1518.157256,53172,1.108255,1.83
FRA,2020,1402.643508,50550,0.4764988,1.79
FRA,2021,1483.792705,52542.18892,1.642331,1.8
DEU,2005,1432.42034,52377.65267,1.546911,1.34
DEU,2006,1453.181614,52367,1.577429,1.33
DEU,2007,1454.098927,52208,2.298341,1.37
DEU,2008,1447.333317,52442,2.628383,1.38
DEU,2009,1405.048725,52453,0.3127377,1.36
DEU,2010,1425.741595,52912,1.103809,1.39
DEU,2011,1426.900828,53980,2.075173,1.39
DEU,2012,1407.987767,54699,2.008491,1.41
DEU,2013,1396.4668,55215,1.504722,1.42
DEU,2014,1400.412888,56141,0.9067971,1.47
DEU,2015,1400.951765,57431,0.514421,1.5
DEU,2016,1395.597352,58311,0.4917486,1.59
DEU,2017,1389.133443,58924,1.509497,1.57
DEU,2018,1380.677328,59750,1.732168,1.57
DEU,2019,1372.152528,60732,1.445667,1.54
DEU,2020,1319.130691,60309,0.1448705,1.53
DEU,2021,1340.165629,60291.24177,3.066667,1.58
GRC,1998,1998.667214,27749.39801,4.766226,1.24
GRC,1999,1995.269825,28192.92259,2.636638,1.23
GRC,2000,1997.914988,29797.16544,3.151177,1.25
GRC,2001,1991.743488,30798.69545,3.373966,1.25
GRC,2002,1984.241164,33599.23855,3.629363,1.28
GRC,2003,1982.593789,35079.24617,3.530651,1.29
GRC,2004,1974.131225,35722.5698,2.898848,1.31
GRC,2005,2025.023836,35603.3185,3.545073,1.34
GRC,2006,2014.69136,36027,3.195946,1.4
GRC,2007,2001.088813,36033,2.895001,1.41
GRC,2008,1996.604795,35476,4.152796,1.5
GRC,2009,1972.860448,37151,1.210074,1.5
GRC,2010,1931.079825,35454,4.712982,1.48
GRC,2011,1950.220694,33205,3.32987,1.4
GRC,2012,1989.931373,31272,1.50152,1.34
GRC,2013,1996.606484,29229,-0.9212719,1.29
GRC,2014,1949.334001,29108,-1.312242,1.3
GRC,2015,1934.986808,29394,-1.735902,1.33
GRC,2016,1942.726543,28720,-0.8256576,1.38
GRC,2017,1946.940954,28903,1.121259,1.35
GRC,2018,1961.081181,27569,0.6256205,1.35
GRC,2019,1917.59521,27615,0.2529927,1.34
GRC,2020,1731.888311,27747,-1.247972,1.39
GRC,2021,1854.268791,27659.57173,1.223826,1.43
HUN,1999,1952.4,17177.95276,9.997744,1.29
HUN,2000,1932.4,17968.894,9.803608,1.33
HUN,2001,1897.8,19334.73875,9.116809,1.31
HUN,2002,1883.6,20301.14339,5.265448,1.31
HUN,2003,1856.3,21926.51318,4.661017,1.28
HUN,2004,1858.6,23457.65428,6.744347,1.28
HUN,2005,1834.1,24491.94482,3.561517,1.32
HUN,2006,1813.9,24969,3.930326,1.35
HUN,2007,1787.8,24783,7.958745,1.32
HUN,2008,1791.2,25128,6.042512,1.35
HUN,2009,1758.2,23692,4.211712,1.33
HUN,2010,1766.3,24005,4.855558,1.26
HUN,2011,1753.7,24316,3.929921,1.24
HUN,2012,1738.3,23506,5.652145,1.34
HUN,2013,1733.6,23266,1.7332,1.34
HUN,2014,1748.5,22961,-0.2275663,1.41
HUN,2015,1745.9,23140,-0.06164468,1.44
HUN,2016,1760.2,23349,0.3947693,1.49
HUN,2017,1747.4,25038,2.348243,1.49
HUN,2018,1729.9,26265,2.850248,1.49
HUN,2019,1722.2,27140,3.338586,1.49
HUN,2020,1657.1,27588,3.326744,1.56
HUN,2021,1687.7,28462.42341,5.110965,1.59
HUN,2022,1699.6,28474.64324,14.60814,1.52
ISL,2003,1682.434608,56719.11933,2.055662,1.99
ISL,2004,1686.85543,60144.38904,3.158195,2.03
ISL,2005,1614.845297,64809.45494,3.987048,2.05
ISL,2006,1588.349971,68219,6.687074,2.07
ISL,2007,1553.874228,70267,5.051564,2.09
ISL,2008,1625.203569,62292,12.6944,2.14
ISL,2009,1536.385176,52694,12.00312,2.22
ISL,2010,1527.852308,54268,5.396732,2.2
ISL,2011,1537.681071,56570,4.001026,2.02
ISL,2012,1523.064516,56277,5.1859,2.04
ISL,2013,1524.1331,57135,3.872275,1.93
ISL,2014,1513.435897,57946,2.044619,1.93
ISL,2015,1511.401662,61777,1.633058,1.81
ISL,2016,1519.994701,68732,1.69693,1.75
ISL,2017,1507.076767,75287,1.760413,1.71
ISL,2018,1496.456071,79476,2.682915,1.71
ISL,2019,1480.148221,76444,3.013977,1.75
ISL,2020,1446.239627,71687,2.847919,1.72
ISL,2021,1456.726343,74654.51952,4.444243,1.82
IRL,2000,1877.515745,37873.93037,5.590717,1.9
IRL,2001,1854.86224,39371.66944,4.872905,1.96
IRL,2002,1839.643165,39798.91823,4.614733,1.98
IRL,2003,1808.91127,41094.86945,3.49049,1.98
IRL,2004,1793.203274,42554.29631,2.199629,1.95
IRL,2005,1793.677194,44330.02565,2.429692,1.88
IRL,2006,1772.413848,44703,3.93164,1.94
IRL,2007,1745.214665,45969,4.897116,2.01
IRL,2008,1710.670242,48089,4.060305,2.06
IRL,2009,1660.961651,52639,-4.478103,2.06
IRL,2010,1665.658179,52793,-0.9220958,2.05
IRL,2011,1668.303483,52035,2.557189,2.03
IRL,2012,1662.83305,51578,1.696209,1.98
IRL,2013,1677.325512,50323,0.5087149,1.93
IRL,2014,1688.637691,50080,0.1825423,1.89
IRL,2015,1681.97169,50079,-0.2898791,1.85
IRL,2016,1704.362783,50593,0.008306338,1.82
IRL,2017,1727.170277,51180,0.3405316,1.78
IRL,2018,1741.78757,51852,0.4883702,1.75
IRL,2019,1742.062569,52648,0.9390445,1.7
IRL,2020,1619.565893,53651,-0.3345846,1.63
IRL,2021,1627.490825,53209.4764,2.358143,1.72
ITA,1998,1873.132928,44793.69243,1.955088,1.21
ITA,1999,1869.878018,45305.33264,1.663458,1.23
ITA,2000,1850.197971,45289.58446,2.537687,1.26
ITA,2001,1837.636217,45612.84355,2.785166,1.25
ITA,2002,1826.190095,45290.10088,2.46532,1.27
ITA,2003,1815.103813,45168.00936,2.672559,1.29
ITA,2004,1814.615542,46032.25787,2.206736,1.34
ITA,2005,1811.101718,46654.24748,1.985294,1.33
ITA,2006,1811.851615,46947,2.090843,1.37
ITA,2007,1817.707441,46928,1.829738,1.39
ITA,2008,1806.539391,46864,3.347834,1.44
ITA,2009,1775.169635,47224,0.7747682,1.44
ITA,2010,1776.773246,47629,1.525516,1.44
ITA,2011,1772.557375,46866,2.780633,1.42
ITA,2012,1733.642273,45379,3.041363,1.42
ITA,2013,1719.0903,45527,1.219992,1.39
ITA,2014,1716.341179,45704,0.2410575,1.38
ITA,2015,1717.46898,46103,0.03878675,1.36
ITA,2016,1721.697513,46469,-0.0940214,1.36
ITA,2017,1719.15758,46169,1.226533,1.34
ITA,2018,1719.352418,46230,1.137488,1.31
ITA,2019,1710.180953,46460,0.6112469,1.27
ITA,2020,1543.117314,44246,-0.1377076,1.24
ITA,2021,1658.26988,45960.64562,1.873783,1.25
JPN,1991,1998,40378.55911,3.283333,1.53
JPN,1992,1965,40433.75945,1.741667,1.5
JPN,1993,1905,40123.21227,1.258333,1.46
JPN,1994,1898,40523.1594,0.6833333,1.5
JPN,1995,1884,41013,-0.08333334,1.42
JPN,1996,1892,41183.89925,0.1333333,1.43
JPN,1997,1865,41509.99792,1.708333,1.39
JPN,1998,1842,41335.46599,0.6583334,1.38
JPN,1999,1810,41196.88317,-0.3416667,1.34
JPN,2000,1821,41428.23687,-0.6583334,1.36
JPN,2001,1809,41006.37324,-0.7333333,1.33
JPN,2002,1798,40178.29624,-0.9083334,1.32
JPN,2003,1799,40212.76829,-0.25,1.29
JPN,2004,1785,40884.38578,-0.008333334,1.29
JPN,2005,1777,41936.10476,-0.2833333,1.26
JPN,2006,1786,41911,0.2416667,1.32
JPN,2007,1785,41799,0.05833333,1.34
JPN,2008,1771,41463,1.383333,1.37
JPN,2009,1714,40869,-1.341667,1.37
JPN,2010,1733,40999,-0.7,1.39
JPN,2011,1728,41656,-0.275,1.39
JPN,2012,1745,40963,-0.04166667,1.41
JPN,2013,1734,40995,0.35,1.43
JPN,2014,1729,40257,2.733333,1.42
JPN,2015,1719,40062,0.8,1.45
JPN,2016,1714,40609,-0.1333333,1.44
JPN,2017,1709,40710,0.475,1.43
JPN,2018,1680,41172,0.9916667,1.42
JPN,2019,1644,41699,0.475,1.36
JPN,2020,1597.010834,41442,-0.01666667,1.33
JPN,2021,1607.482979,42041.31255,-0.25,1.3
KOR,2008,2228,38914,4.673897,1.19
KOR,2009,2174,39116,2.756496,1.15
KOR,2010,2163,39730,2.939286,1.23
KOR,2011,2136,40252,4.025965,1.24
KOR,2012,2119,39660,2.187071,1.3
KOR,2013,2106,40661,1.301347,1.19
KOR,2014,2076,40746,1.274774,1.21
KOR,2015,2083,41878,0.7063318,1.24
KOR,2016,2068,43106,0.9716858,1.17
KOR,2017,2018,44119,1.944332,1.05
KOR,2018,1993,45640,1.475839,0.98
KOR,2019,1967,47207,0.3830003,0.92
KOR,2020,1908,48294,0.537288,0.84
KOR,2021,1910,49142.98052,2.498333,0.81
LUX,2003,1585.888281,65475.2173,2.04984,1.62
LUX,2004,1586.18132,66216.95183,2.225681,1.66
LUX,2005,1566.552746,66536.84211,2.487693,1.62
LUX,2006,1567.116543,67458,2.666315,1.64
LUX,2007,1580.993533,69283,2.312459,1.61
LUX,2008,1581.235783,68923,3.40188,1.6
LUX,2009,1518.067163,71070,0.368042,1.59
LUX,2010,1521.026918,71085,2.273679,1.63
LUX,2011,1519.543974,71478,3.410683,1.51
LUX,2012,1513.699661,70741,2.662842,1.57
LUX,2013,1506.289912,71601,1.73404,1.55
LUX,2014,1512.069751,72846,0.628544,1.5
LUX,2015,1519.451484,73225,0.4747432,1.47
LUX,2016,1517.968002,72999,0.2908333,1.41
LUX,2017,1508.101855,73918,1.7308,1.39
LUX,2018,1498.61632,74261,1.528195,1.38
LUX,2019,1492.706218,74399,1.743321,1.34
LUX,2020,1408.225889,74839,0.8199573,1.36
LUX,2021,1467.410667,79018.90253,2.52692,1.38
MEX,2005,2284.31794,18777.90976,3.988061,2.5
MEX,2006,2271.572397,18746,3.629463,2.46
MEX,2007,2252.177676,18818,3.96685,2.42
MEX,2008,2255.998588,18656,5.124982,2.39
MEX,2009,2245.171757,18806,5.297357,2.36
MEX,2010,2243.893443,17618,4.156728,2.34
MEX,2011,2236.718085,17777,3.40738,2.32
MEX,2012,2226.199163,17457,4.111508,2.29
MEX,2013,2230.84402,17470,3.80639,2.27
MEX,2014,2229.068119,17503,4.018617,2.21
MEX,2015,2233.595298,17730,2.720641,2.14
MEX,2016,2237.93949,17522,2.821708,2.09
MEX,2017,2237.741208,17475,6.041456,2.04
MEX,2018,2237.945375,17865,4.899351,2
MEX,2019,2227.516904,18031,3.635961,1.92
MEX,2021,2216.264732,17637.05555,5.689209,1.82
NLD,2000,1464.061441,60062.64011,2.360522,1.72
NLD,2001,1454.07685,60953.86245,4.155841,1.71
NLD,2002,1436.376646,61142.92627,3.287531,1.73
NLD,2003,1427.827804,61574.39577,2.091998,1.75
NLD,2004,1447.895232,62542.96507,1.263647,1.73
NLD,2005,1433.611871,62542.65198,1.68813,1.71
NLD,2006,1430.447131,62407,1.101501,1.72
NLD,2007,1429.172025,63276,1.613859,1.72
NLD,2008,1428.566237,63660,2.486502,1.77
NLD,2009,1420.047064,66337,1.189777,1.79
NLD,2010,1419.633443,66270,1.275306,1.8
NLD,2011,1420.180237,65977,2.34107,1.76
NLD,2012,1410.509788,66198,2.455548,1.72
NLD,2013,1414.698958,66395,2.506899,1.68
NLD,2014,1425.595301,66039,0.9760351,1.71
NLD,2015,1425.813579,66841,0.6002482,1.66
NLD,2016,1437.309404,67112,0.3166667,1.66
NLD,2017,1436.765644,66634,1.381459,1.62
NLD,2018,1436.060162,65910,1.703498,1.59
NLD,2019,1441.075444,65449,2.633699,1.57
NLD,2020,1407.90304,67163,1.27246,1.54
NLD,2021,1426.236397,66221.4846,2.67572,1.62
NZL,1991,1792,32951.41437,2.602399,2.09
NZL,1992,1799,34407.17134,1.014557,2.06
NZL,1993,1853,35296.89265,1.28821,2.04
NZL,1994,1848,35919.87271,1.745376,1.98
NZL,1995,1841,35759,3.754941,1.98
NZL,1996,1834,36347.09712,2.285714,1.96
NZL,1997,1826,37379.9434,1.187151,1.96
NZL,1998,1829,36766.02494,1.26524,1.89
NZL,1999,1845,36307.95678,-0.1142663,1.97
NZL,2000,1836,36451.93329,2.615233,1.98
NZL,2001,1825,37143.585,2.625821,1.97
NZL,2002,1826,37829.94495,2.677091,1.89
NZL,2003,1823,39232.67469,1.753576,1.93
NZL,2004,1830,40606.50858,2.290249,1.98
NZL,2005,1815,41292.85256,3.037021,1.97
NZL,2006,1795,41548,3.365404,2.01
NZL,2007,1774,43973,2.376143,2.18
NZL,2008,1761,43463,3.958944,2.19
NZL,2009,1740,43994,2.115656,2.13
NZL,2010,1755,44476,2.302026,2.17
NZL,2011,1746,44442,4.027903,2.09
NZL,2012,1734,45402,1.059918,2.1
NZL,2013,1756,44794,1.134418,2.01
NZL,2014,1758,44969,1.227513,1.92
NZL,2015,1753,45779,0.2927033,1.99
NZL,2016,1754,47269,0.6462373,1.87
NZL,2017,1756,47594,1.850787,1.81
NZL,2018,1759,48784,1.598298,1.71
NZL,2019,1783,50211,1.619632,1.72
NZL,2020,1739,51417,1.714562,1.61
NZL,2021,1730,51877.3367,3.941121,1.64
NOR,2000,1447.948164,36444.19663,3.085506,1.85
NOR,2001,1423.82391,37463.26673,3.004197,1.78
NOR,2002,1411.815438,38854.50269,1.286725,1.75
NOR,2003,1400.875274,39367.26451,2.487826,1.8
NOR,2004,1423.211169,40693.2868,0.4544985,1.83
NOR,2005,1428.633031,41868.85419,1.532134,1.84
NOR,2006,1426.126878,43540,2.32935,1.9
NOR,2007,1438.15261,45473,0.7125891,1.9
NOR,2008,1442.801556,46429,3.753931,1.96
NOR,2009,1422.039859,46915,2.197386,1.98
NOR,2010,1429.858934,47531,2.418906,1.95
NOR,2011,1434.530707,49201,1.284952,1.88
NOR,2012,1431.491294,50542,0.6968641,1.85
NOR,2013,1421.032934,51576,2.120486,1.78
NOR,2014,1423.703704,51809,2.041703,1.76
NOR,2015,1426.568266,52068,2.171137,1.73
NOR,2016,1429.885904,51226,3.55,1.71
NOR,2017,1419.213974,51096,1.875101,1.62
NOR,2018,1419.412607,51340,2.764831,1.56
NOR,2019,1418.54725,52273,2.16773,1.53
NOR,2020,1409.74212,52415,1.286585,1.48
NOR,2021,1425.539441,53813.20716,3.483881,1.55
NOR,2022,1424.582908,53755.94037,5.764123,1.41
POL,2000,1858.339547,23769.612,10.09167,1.37
POL,2001,1860.119145,25120.04182,5.475,1.32
POL,2002,1855.463096,25032.10848,1.941667,1.25
POL,2003,1860.54875,25339.5485,0.8416666,1.22
POL,2004,1860.87077,24784.94194,3.491667,1.23
POL,2005,1855.974844,24682.38028,2.133333,1.24
POL,2006,1857.341622,24848,1.033333,1.27
POL,2007,1854.69472,25664,2.491667,1.31
POL,2008,1847.540166,27011,4.216667,1.39
POL,2009,1833.61402,26997,3.45,1.4
POL,2010,1828.971957,28091,2.583333,1.38
POL,2011,1824.329859,28247,4.266667,1.3
POL,2012,1819.687805,27972,3.7,1.3
POL,2013,1816.433541,28274,0.9,1.26
POL,2014,1822.296217,28919,-0.025,1.29
POL,2015,1829.158638,29635,-0.9333333,1.29
POL,2016,1831.363798,31199,-0.5833333,1.36
POL,2017,1811.616217,32475,1.975,1.45
POL,2018,1787.328604,34546,1.666667,1.44
POL,2019,1782.625219,36667,2.308333,1.42
POL,2020,1768.756397,37325,3.4,1.39
POL,2021,1827.917149,37126.69346,5.1,1.33
PRT,1998,1759.927773,29544.2884,2.572752,1.48
PRT,1999,1761.557907,30550.51701,2.340095,1.51
PRT,2000,1770.413674,30975.01029,2.85303,1.56
PRT,2001,1755.083682,31099.3971,4.369903,1.46
PRT,2002,1748.680094,31085.99711,3.600347,1.47
PRT,2003,1742.200439,31014.38138,3.218991,1.44
PRT,2004,1747.852143,31055.55459,2.365362,1.41
PRT,2005,1749.749489,30885.78789,2.277164,1.42
PRT,2006,1738.865376,30215,3.107666,1.38
PRT,2007,1754.672275,30417,2.453965,1.35
PRT,2008,1742.576771,30315,2.588506,1.4
PRT,2009,1742.975201,31716,-0.83553,1.35
PRT,2010,1745.595009,31589,1.402573,1.39
PRT,2011,1724.362282,30820,3.653011,1.35
PRT,2012,1708.217949,29496,2.773339,1.29
PRT,2013,1717.553355,30056,0.2744167,1.21
PRT,2014,1724.575528,29538,-0.2781534,1.23
PRT,2015,1731.733453,29448,0.4879386,1.31
PRT,2016,1737.476064,29320,0.6073971,1.36
PRT,2017,1727.140473,29433,1.368614,1.38
PRT,2018,1737.703752,29919,0.9937157,1.42
PRT,2019,1743.930319,31081,0.3381784,1.43
PRT,2020,1611.193462,31300,-0.01243833,1.41
PRT,2021,1648.942749,32089.37798,1.265657,1.35
SVK,1999,1816.242395,15779.49416,10.57045,1.33
SVK,2000,1815.607888,16381.1268,12.03578,1.29
SVK,2001,1800.732919,16382.07197,7.329631,1.2
SVK,2002,1754.070567,17226.48364,3.127133,1.19
SVK,2003,1697.568414,17559.19452,8.554143,1.2
SVK,2004,1741.997718,17812.35737,7.548501,1.24
SVK,2005,1769.488762,18906.77746,2.709085,1.25
SVK,2006,1774.456513,19561,4.483331,1.24
SVK,2007,1791.202719,20761,2.756724,1.25
SVK,2008,1793.357687,20974,4.59818,1.32
SVK,2009,1780.339858,21689,1.615105,1.41
SVK,2010,1805.148533,22642,0.9570181,1.4
SVK,2011,1793.010321,22443,3.919286,1.45
SVK,2012,1789.040803,22161,3.606103,1.34
SVK,2013,1771.613287,22333,1.400474,1.34
SVK,2014,1759.613953,22781,-0.07616533,1.37
SVK,2015,1754.088599,23676,-0.3252198,1.4
SVK,2016,1740.011521,24426,-0.5200102,1.48
SVK,2017,1713.783841,25151,1.311946,1.52
SVK,2018,1703.923961,25862,2.514037,1.54
SVK,2019,1691.986308,26707,2.664561,1.57
SVK,2020,1571.980392,27052,1.936941,1.59
SVK,2021,1583.159408,27546.57904,3.149606,1.63
ESP,1999,1756.273734,43985.49917,2.310345,1.19
ESP,2000,1752.820758,43029.08323,3.433517,1.23
ESP,2001,1762.069783,42803.91035,3.589833,1.24
ESP,2002,1763.647418,43018.46932,3.065657,1.25
ESP,2003,1754.63317,42799.70425,3.038888,1.3
ESP,2004,1739.9012,42254.99489,3.039249,1.31
ESP,2005,1723.719169,42437.19741,3.368814,1.33
ESP,2006,1713.740634,42235,3.515576,1.36
ESP,2007,1701.307798,42692,2.786798,1.38
ESP,2008,1710.126202,44201,4.075343,1.45
ESP,2009,1715.804559,46983,-0.2878131,1.38
ESP,2010,1705.775535,46538,1.799865,1.37
ESP,2011,1710.691659,45707,3.196102,1.34
ESP,2012,1696.726618,44427,2.446128,1.32
ESP,2013,1689.82441,44431,1.408581,1.27
ESP,2014,1690.563997,44294,-0.1511148,1.32
ESP,2015,1694.237188,44957,-0.5003657,1.33
ESP,2016,1701.450062,44704,-0.202598,1.34
ESP,2017,1692.394168,44123,1.956076,1.31
ESP,2018,1697.621952,43975,1.674981,1.26
ESP,2019,1677.463076,44448,0.699519,1.23
ESP,2020,1551.920797,43828,-0.322753,1.19
ESP,2021,1623.477832,44443.88997,3.093135,1.19
SWE,2001,1464.500087,38086.02397,2.405958,1.57
SWE,2002,1443.663428,38587.14319,2.158482,1.65
SWE,2003,1431.29835,38908.19386,1.925655,1.72
SWE,2004,1452.612399,40203.8423,0.3736598,1.75
SWE,2005,1451.475685,41216.48554,0.4531709,1.77
SWE,2006,1450.117268,42366,1.360215,1.85
SWE,2007,1461.686702,43779,2.212169,1.88
SWE,2008,1471.282755,44635,3.437049,1.91
SWE,2009,1457.931614,44790,-0.4944606,1.94
SWE,2010,1483.017589,45337,1.157988,1.98
SWE,2011,1483.862589,46020,2.961151,1.9
SWE,2012,1471.371942,46993,0.8883775,1.91
SWE,2013,1462.892899,47506,-0.04429297,1.89
SWE,2014,1464.359754,48043,-0.1796385,1.88
SWE,2015,1465.871173,48770,-0.04678474,1.85
SWE,2016,1478.111092,49535,0.9842693,1.85
SWE,2017,1466.709105,49797,1.794499,1.78
SWE,2018,1466.180587,50041,1.953535,1.75
SWE,2019,1453.423602,50559,1.784151,1.7
SWE,2020,1426.155443,51214,0.4973673,1.66
SWE,2021,1445.626641,51928.97547,2.163197,1.67
CHE,2005,1690,65657.74645,1.171954,1.42
CHE,2006,1679.2,65847,1.059509,1.44
CHE,2007,1668.9,66634,0.7323506,1.46
CHE,2008,1659.5,66983,2.426041,1.48
CHE,2009,1650.8,68319,-0.4804819,1.5
CHE,2010,1611,67961,0.6882387,1.54
CHE,2011,1608,68401,0.2313492,1.52
CHE,2012,1593,69383,-0.692552,1.53
CHE,2013,1573,70280,-0.2173232,1.52
CHE,2014,1564,70412,-0.01320254,1.54
CHE,2015,1577,70797,-1.143909,1.54
CHE,2016,1577,70468,-0.4346187,1.54
CHE,2017,1559,70087,0.5337878,1.52
CHE,2018,1551,69892,0.9363354,1.52
CHE,2019,1549,71189,0.3628862,1.48
CHE,2020,1498.797575,69728,-0.725875,1.46
CHE,2021,1531.513994,72358.43967,0.5818142,1.51
GBR,1993,1577.271848,38323.52964,2.6,1.76
GBR,1994,1586.436704,38989.34502,2.2,1.74
GBR,1995,1586.436704,38995,2.7,1.71
GBR,1996,1586.436704,38948.97428,2.9,1.73
GBR,1997,1586.436704,40373.21372,2.2,1.72
GBR,1998,1581.854276,40920.73474,1.8,1.71
GBR,1999,1572.689419,42984.90709,1.7,1.68
GBR,2000,1558.025648,44967.09154,1.2,1.64
GBR,2001,1562.608077,46885.63748,1.6,1.63
GBR,2002,1543.361878,47505.0791,1.5,1.63
GBR,2003,1534.197021,49042.42908,1.4,1.7
GBR,2004,1533.823649,50561.32624,1.4,1.75
GBR,2005,1544.036149,50067.25152,2.1,1.76
GBR,2006,1536.39004,51890,2.5,1.82
GBR,2007,1541.168858,53926,2.4,1.86
GBR,2008,1524.920877,52475,3.5,1.91
GBR,2009,1516.319004,52346,2,1.89
GBR,2010,1507.239249,52455,2.5,1.92
GBR,2011,1515.36324,51497,3.8,1.91
GBR,2012,1531.054148,51070,2.6,1.92
GBR,2013,1533.518242,51594,2.3,1.83
GBR,2014,1542.218778,51816,1.5,1.81
GBR,2015,1525.127382,52549,0.4,1.8
GBR,2016,1541.275306,53156,1,1.79
GBR,2017,1535.679598,53471,2.6,1.74
GBR,2018,1536.175707,53950,2.3,1.68
GBR,2019,1537.043278,54703,1.7,1.63
GBR,2020,1364.382892,53612,1,1.56
GBR,2021,1498.086923,54762.30333,2.5,1.53
USA,1991,1868.058,52224.42379,4.234964,2.06
USA,1992,1867.280268,53434.83904,3.02882,2.05
USA,1993,1875.010897,53133.75679,2.951657,2.02
USA,1994,1885.930583,52930.64018,2.607442,2
USA,1995,1886.2855,53231,2.80542,1.98
USA,1996,1887.025917,54009.36711,2.931204,1.98
USA,1997,1892.505917,55357.47378,2.33769,1.97
USA,1998,1891.634667,57637.04278,1.552279,2
USA,1999,1888.215333,59155.74217,2.188027,2.01
USA,2000,1879.8455,61131.59919,3.376857,2.06
USA,2001,1857.76125,61601.2442,2.826171,2.03
USA,2002,1854.013333,62096.62512,1.586032,2.01
USA,2003,1843.041667,62764.10243,2.270095,2.04
USA,2004,1844.0625,63927.40582,2.677237,2.05
USA,2005,1842.13425,63987.31916,3.392747,2.06
USA,2006,1843.688,64945,3.225944,2.11
USA,2007,1842.9275,66174,2.852673,2.12
USA,2008,1829.389833,66011,3.8391,2.07
USA,2009,1798.7775,66673,-0.3555463,2
USA,2010,1810.3875,67263,1.640043,1.93
USA,2011,1820.304167,67353,3.156842,1.89
USA,2012,1828.1165,67928,2.069337,1.88
USA,2013,1826.487,67604,1.464833,1.86
USA,2014,1830.359583,68591,1.622223,1.86
USA,2015,1831.1175,70320,0.1186271,1.84
USA,2016,1823.41575,70446,1.261583,1.82
USA,2017,1821.498,71157,2.13011,1.77
USA,2018,1826.71,71937,2.442583,1.73
USA,2019,1823.629583,73194,1.81221,1.71
USA,2020,1799.777,77567,1.233584,1.64
USA,2021,1819.895,78894.28061,4.697859,1.66
EST,2000,1883.540608,14253.99896,4.018489,1.36
EST,2001,1876.515642,14756.02802,5.74828,1.32
EST,2002,1878.604808,15621.98837,3.571913,1.36
EST,2003,1883.980415,17131.06282,1.334991,1.36
EST,2004,1891.718803,18486.64097,3.048111,1.47
EST,2005,1912.586386,19715.3331,4.079714,1.52
EST,2006,1905.555508,21504,4.437621,1.58
EST,2007,1903.169283,25012,6.601326,1.69
EST,2008,1873.919394,25382,10.36236,1.72
EST,2009,1744.758403,24704,-0.07840831,1.7
EST,2010,1785.290045,24461,2.972045,1.72
EST,2011,1827.345141,23907,4.981901,1.61
EST,2012,1795.751041,24256,3.9334,1.56
EST,2013,1776.85376,24859,2.780567,1.52
EST,2014,1770.748499,26232,-0.1061751,1.54
EST,2015,1763.305995,27434,-0.492326,1.58
EST,2016,1766.717788,28837,0.1486849,1.6
EST,2017,1768.130514,29500,3.417236,1.59
EST,2018,1707.193467,31391,3.436327,1.67
EST,2019,1694.396177,33006,2.277259,1.66
EST,2020,1637.156028,35128,-0.4445311,1.58
EST,2021,1767.055731,37317.82297,4.653167,1.61
ISR,1995,2017.951103,30896,9.931447,2.88
ISR,1996,2035.475688,33565.3578,11.41669,2.94
ISR,1997,2040.836418,34604.6382,8.969575,2.93
ISR,1998,2016.059878,35944.7197,5.4919,2.98
ISR,1999,2023.929167,36578.6183,5.181024,2.94
ISR,2000,2034.601715,37781.725,1.032641,2.95
ISR,2001,1996.930118,38369.9701,1.151316,2.89
ISR,2002,2014.583831,36922.7009,5.772358,2.89
ISR,2003,1996.088225,35655.6495,0.7027561,2.95
ISR,2004,1971.766986,35106.8526,-0.3816378,2.9
ISR,2005,1962.073235,35173.8956,1.313485,2.84
ISR,2006,1949.332721,36161,2.063526,2.88
ISR,2007,1961.546507,36502,0.455171,2.9
ISR,2008,1958.510162,35979,4.55216,2.96
ISR,2009,1959.522397,34890,3.356178,2.96
ISR,2010,1953.546785,34993,2.69137,3.03
ISR,2011,1943.665719,35189,3.484949,3
ISR,2012,1917.125056,35792,1.679207,3.05
ISR,2013,1906.040302,35900,1.570255,3.03
ISR,2014,1891.399437,36112,0.4797868,3.08
ISR,2015,1892.952759,37213,-0.601291,3.09
ISR,2016,1916.949569,38698,-0.5515524,3.11
ISR,2017,1916.140129,39898,0.259415,3.11
ISR,2018,1908.525713,41059,0.7940757,3.09
ISR,2019,1893.510023,41964,0.8497831,3.01
ISR,2020,1779.009722,42130,-0.6144124,2.9
ISR,2021,1878.242401,44338.8689,1.510201,3
SVN,1999,1730.079365,32379.37052,6.155588,1.21
SVN,2000,1710.067199,33203.23349,8.911745,1.26
SVN,2001,1695.851613,34558.42289,8.379666,1.21
SVN,2002,1720.486858,34648.43831,7.480778,1.21
SVN,2003,1723.797818,35375.70685,5.544164,1.2
SVN,2004,1736.532579,37099.95189,3.592976,1.25
SVN,2005,1696.551516,38510.08307,2.451501,1.26
SVN,2006,1667.413468,39774,2.457924,1.31
SVN,2007,1654.905171,40657,3.657496,1.38
SVN,2008,1673.4844,41272,5.647424,1.53
SVN,2009,1678.996814,41676,0.8392622,1.53
SVN,2010,1680.327333,42846,1.80117,1.57
SVN,2011,1663.360954,42725,1.802852,1.56
SVN,2012,1644.348927,41437,2.597414,1.58
SVN,2013,1662.237486,40760,1.769201,1.55
SVN,2014,1681.749976,41576,0.1993438,1.58
SVN,2015,1687.309162,42482,-0.5255523,1.57
SVN,2016,1652.361497,44095,-0.0549995,1.58
SVN,2017,1621.923406,44894,1.429107,1.62
SVN,2018,1602.948178,45702,1.738609,1.6
SVN,2019,1601.43411,47050,1.630523,1.61
SVN,2020,1531.753571,48605,-0.0548568,1.59
SVN,2021,1593.334707,50466.68794,1.917065,1.64
COL,2007,2473.378348,16848,5.544385,2.14
COL,2008,2502.524006,18496,6.996882,2.08
COL,2009,2460.838682,19172,4.202518,2.03
COL,2010,2453.898965,19800,2.272003,1.99
COL,2011,2435.016968,19693,3.415032,1.96
COL,2012,2419.685389,20172,3.169303,1.93
COL,2013,2413.493509,20588,2.016993,1.91
COL,2014,2405.141473,20602,2.898838,1.88
COL,2015,2395.831176,20685,4.989829,1.86
COL,2016,2392.209055,20488,7.513461,1.84
COL,2017,2376.425541,21020,4.314313,1.82
COL,2018,2385.939332,21821,3.24057,1.79
COL,2019,2382.611241,21751,3.52302,1.77
COL,2020,2069.438776,24681,2.52662,1.74
COL,2021,2405.385474,22248.49156,3.495073,1.72
LVA,2002,1841.681753,13420.23761,1.938879,1.26
LVA,2003,1835.999859,14380.66693,2.942643,1.32
LVA,2004,1802.158822,15634.09323,6.192384,1.29
LVA,2005,1842.133605,18183.97802,6.748452,1.39
LVA,2006,1829.003896,20051,6.536199,1.46
LVA,2007,1793.625923,24721,10.09298,1.54
LVA,2008,1751.084065,25508,15.40232,1.58
LVA,2009,1707.331038,23031,3.534107,1.46
LVA,2010,1692.395932,22140,-1.084636,1.36
LVA,2011,1707.039721,21373,4.370736,1.33
LVA,2012,1691.635411,22240,2.257789,1.44
LVA,2013,1685.929275,23301,-0.02945478,1.52
LVA,2014,1695.303425,24864,0.6204923,1.65
LVA,2015,1663.180908,26944,0.1742414,1.7
LVA,2016,1663.835623,28523,0.1406308,1.74
LVA,2017,1649.860291,29546,2.930369,1.69
LVA,2018,1661.235997,30640,2.53446,1.6
LVA,2019,1631.075484,31972,2.811403,1.61
LVA,2020,1576.930288,33199,0.2190611,1.55
LVA,2021,1601.202851,35923.06305,3.275814,1.57
LTU,2005,1687.846522,26174.75832,2.658485,1.29
LTU,2006,1680.206276,29975,3.73912,1.33
LTU,2007,1707.361123,31929,5.737174,1.36
LTU,2008,1732.469248,32512,10.92589,1.45
LTU,2009,1670.064273,28233,4.453044,1.5
LTU,2010,1696.679291,28340,1.319214,1.5
LTU,2011,1674.217241,28918,4.130276,1.55
LTU,2012,1672.25327,29401,3.089983,1.6
LTU,2013,1657.482349,30515,1.047479,1.59
LTU,2014,1649.890425,31902,0.103758,1.63
LTU,2015,1673.198462,33989,-0.8840974,1.7
LTU,2016,1694.331001,35752,0.9055251,1.69
LTU,2017,1656.898913,37766,3.722889,1.63
LTU,2018,1664.021426,39524,2.697928,1.63
LTU,2019,1665.381726,42041,2.334509,1.61
LTU,2020,1594.925699,44228,1.199894,1.48
LTU,2021,1619.977225,47035.4439,4.683544,1.36
CRI,2011,2285.3,22174,4.877998,1.9
CRI,2012,2233.4,22579,4.495453,1.88
CRI,2013,2140.6,24442,5.231336,1.84
CRI,2014,2121.7,24510,4.519201,1.82
CRI,2015,2148.2,26186,0.801982,1.79
CRI,2016,2204.7,27364,-0.01747885,1.75
CRI,2017,2178.9,27020,1.625907,1.74
CRI,2018,2121,27709,2.221115,1.71
CRI,2019,2059.6,28524,2.096046,1.63
CRI,2020,1913.2,31341,0.7249115,1.56
CRI,2021,2073.3,31117.83426,1.726478,1.53